지역,이름,사업자,소재지,면적,홀,구분
강원,라데나골프클럽,두산큐벡스,춘천시 신동면 칠전동길 72,1533823,27,회원제
강원,엘리시안 강촌컨트리클럽,지에스건설,춘천시 남산면 북한강변길 688,1041925,27,회원제
강원,제이드팰리스 골프클럽,한화솔루션,춘천시 남산면 경춘로 212-30,976760,18,회원제
강원,남춘천컨트리클럽,엠디아이레저개발,춘천시 신동면 오봉길 156,1365368,18,대중제
강원,휘슬링락컨트리클럽,티시스,춘천시 남산면 동촌로 501,1716158,27,회원제
강원,오너스골프클럽,강촌칼론골프클럽,춘천시 남산면 동촌로 667,1023600,18,대중제
강원,파가니카컨트리클럽,레저플러스,춘천시 남면 소주고개로 145-10,1033746,18,대중제
강원,더플레이어스 골프클럽,플레이어스골프클럽,춘천시 동산면 새술막길 438,1661133,27,대중제
강원,스프링베일리조트,춘천골프아카데미,춘천시 동면 금베이길 93-27,289720,9,대중제
강원,로드힐스골프클럽,신영종합개발,춘천시 동산면 종자리로 148-16,1320950,27,대중제
강원,라비에벨컨트리클럽,코오롱글로벌,춘천시 동산면 종자리로 436,2091873,36,대중제
강원,베어크리크 춘천,삼보개발,춘천시 신동면 김유정로 730,922224,18,대중제
강원,오크밸리회원제골프장,에이치디씨리조트,원주시 지정면 오크밸리1길 66,1828880,36,회원제
강원,월송리 컨트리클럽,에이치디씨리조트,원주시 지정면 오크밸리2길 250,645885,18,대중제
강원,Oak Hills컨트리클럽,에이치디씨리조트,원주시 지정면 오크밸리2길 58,937686,18,회원제
강원,성문안 컨트리클럽,에이치디씨리조트,원주시 지정면 월송석화로 431,1364106,18,비회원제
강원,센추리21컨트리클럽,센추리개발,원주시 문막읍 궁말길 193,1034680,18,회원제
강원,센추리21퍼블릭,센추리개발,원주시 문막읍 궁말길 193,327800,9,대중제
강원,파크밸리골프클럽,강원레저개발,원주시 소초면 바우실길 281,1072958,18,대중제
강원,동서울레스피아,동서울컨트리클럽,원주시 지정면 신평석화로 236,263484,9,대중제
강원,인터불고원주골프클럽,호텔인터불고 원주,원주시 동부순환로 200,157963,9,비회원제
강원,오로라 골프 앤 리조트,구학파크랜드,원주시 신림면 구학산로 1520,848729,18,대중제
강원,샌드파인골프클럽,승산,강릉시 저동등길 53,912779,18,회원제
강원,메이플비치골프&리조트,원익엘앤디,강릉시 강동면 풍호길 300-78,776652,18,대중제
강원,O2리조트 골프장,오투리조트,태백시 서학로 861,1079900,18,대중제
강원,설악프라자컨트리클럽,한화호텔앤드리조트,속초시 미시령로2983번길 56-20,834352,18,회원제
강원,영랑호컨트리클럽,신세계센트럴 영랑호리조트,속초시 영랑호반길 170,236439,9,대중제
강원,파인밸리컨트리클럽,동양레저,삼척시 근덕면 미근로 1629,969816,18,대중제
강원,블랙밸리컨트리클럽,블랙밸리컨트리클럽,삼척시 도계읍 도상로 307-84,979697,18,대중제
강원,소노펠리체 컨트리클럽 비발디파크 웨스트,소노인터내셔널,홍천군 서면 한치골길 200,1031267,18,대중제
강원,소노펠리체 컨트리클럽 비발디파크 마운틴,소노인터내셔널,홍천군 서면 한치골길 264,489900,9,대중제
강원,소노펠리체 컨트리클럽 비발디파크 이스트,소노인터내셔널,홍천군 서면 한치골길 541-123,1306750,18,대중제
강원,비콘힐스골프클럽,우신물산,홍천군 홍천읍 높은터로 533,889200,18,대중제
강원,힐드로사이컨트리클럽,이지아이아이앤디,홍천군 남면 한서로 2840,1031838,18,대중제
강원,클럽모우골프 라이프스타일,와이에이치레저개발,홍천군 서면 장락동길 111,1630601,27,대중제
강원,세이지우드CC홍천,와이케이디벨롭먼트,홍천군 두촌면 광석로 898-160,1346136,27,비회원제
강원,샤인데일골프&리조트,세안레져산업,홍천군 서면 한서로 247-156,1698101,27,대중제
강원,카스카디아 골프클럽,유니골프앤리조트,홍천군 북방면 팔봉산로 1759,1364946,27,비회원제
강원,웰리힐리컨트리클럽,신안종합리조트,횡성군 둔내면 고원로 451,1899828,36,회원제
강원,웰리힐리퍼블릭,신안종합리조트,횡성군 둔내면 고원로 451,243350,10,비회원제
강원,동원썬밸리컨트리클럽,성운개발,횡성군 서원면 서원서로339번길 90,1097999,18,대중제
강원,알프스대영컨트리클럽,삼대양레저,횡성군 우천면 한우로 1295,746919,18,대중제
강원,벨라스톤컨트리클럽,진원,횡성군 서원면 옥계9길 124,947483,18,대중제
강원,올데이 옥스필드,에스엘세레스,횡성군 서원면 경강로 유현6길 28,1033597,18,대중제
강원,벨라45 오너스 컨트리클럽,벨라비손,횡성군 서원면 창촌리 산132,902320,18,회원제
강원,벨라45마스터스 컨트리클럽,섬강레저,횡성군 서원면 창촌리 산124,1274077,27,대중제
강원,동강시스타 골프장,에스엠하이플러스,영월군 영월읍 사지막길 160,659692,18,대중제
강원,용평리조트골프클럽,모나용평,평창군 대관령면 올림픽로 715,838497,18,회원제
강원,용평버치힐골프클럽,모나용평,평창군 대관령면 올림픽로 715,983642,18,회원제
강원,용평리조트대중골프장,모나용평,평창군 대관령면 올림픽로 715,268581,9,대중제
강원,휘닉스 컨트리클럽,휘닉스중앙,평창군 봉평면 태기로 227-84,1058644,18,회원제
강원,알펜시아컨트리클럽,레저플러스,평창군 대관령면 솔봉로 325,1473818,27,회원제
강원,알펜시아 700골프클럽,레저플러스,평창군 대관령면 솔봉로 325,1269605,18,대중제
강원,하이원컨트리클럽,강원랜드,정선군 고한읍 고한7길 399,1079662,18,대중제
강원,에콜리안정선골프장,정선군국민체육진흥공단,정선군 신동읍 새골길 112-49,504137,9,대중제
강원,한탄강컨트리클럽,귀뚜라미랜드,철원군 갈말읍 순담길 59,876679,18,대중제
강원,설악썬밸리컨트리클럽,동광개발,고성군 죽왕면 순포로 188,1097999,27,대중제
강원,소노펠리체 컨트리클럽 델피노,소노인터내셔널,고성군 토성면 미시령옛길 1153,642826,18,대중제
강원,파인리즈컨트리클럽,에이치제이매그놀리아용평파인리즈골프앤리조트,고성군 토성면 잼버리동로 267,1484811,27,대중제
강원,설해원,새서울레저,양양군 손양면 공항로 230,1430946,27,대중제
강원,설해원더 레전드 코스,새서울레저,양양군 손양면 공항로 230,885584,18,대중제
경기,한원컨트리클럽,한원컨트리클럽,경기도 용인시 처인구 남사읍 전나무골길2번길 94,1024961,27,회원제
경기,양지파인골프클럽,미래개발,경기도 용인시 처인구 양지면 남평로 112,1012580,27,대중제
경기,수원컨트리클럽,삼흥,경기도 용인시 기흥구 중부대로 495,1480410,36,회원제
경기,플라자CC,한화호텔앤드리조트,경기도 용인시 처인구 남사읍 봉무로 153번길 79,1899793,36,회원제
경기,태광컨트리클럽,티시스,경기도 용인시 기흥구 흥덕4로 77,1088973,27,회원제
경기,한성컨트리클럽,한성관광개발,경기도 용인시 기흥구 구교동로 151,1411398,27,회원제
경기,골드컨트리클럽,기흥관광개발,경기도 용인시 기흥구 기흥단지로 398,1366197,36,회원제
경기,국가보훈부 88골프장,88관광개발,경기도 용인시 기흥구 석성로 521번길 169,2810296,36,회원제
경기,레이크사이드CC,서울레이크사이드,경기도 용인시 처인구 모현읍 능원로 181,3273338,36,대중제
경기,남부컨트리클럽,금보개발,경기도 용인시 기흥구 사은로 163,964521,18,회원제
경기,신원CC,일신레져,경기도 용인시 이동읍 이원로 225,1712011,27,회원제
경기,은화삼컨트리클럽,은화삼컨트리클럽,경기도 용인시 처인구 백옥대로 860-38,946086,18,회원제
경기,아시아나컨트리클럽,금호리조트,경기도 용인시 처인구 양지면 양대로 290,2230679,36,회원제
경기,블루원용인CC,블루원,경기도 용인시 처인구 원삼면 보개원삼로 1534번길 40,1070798,18,회원제
경기,코리아컨트리클럽,뉴경기관광,경기도 용인시 처인구 이동읍 기흥단지로 579,1351017,27,회원제
경기,코리아대중CC,지에이코리아,경기도 용인시 기흥구 기흥단지로 224,215771,9,대중제
경기,지산컨트리클럽,지산리조트,경기도 용인시 처인구 원삼면 죽양대로 2000번길 60,1527293,27,회원제
경기,지산퍼블릭,지산리조트,경기도 용인시 처인구 원삼면 죽양대로 2100번길 60,184356,9,대중제
경기,화산컨트리클럽,화산개발,경기도 용인시 처인구 이동읍 화산로 239,1039272,18,회원제
경기,한림용인CC,이병진,경기도 용인시 처인구 남사읍 경기동로 628,1584819,27,대중제
경기,글렌로스 골프클럽,삼성물산,경기도 용인시 처인구 포곡읍 에버랜드로 562번길 69,465916,9,대중제
경기,용인CC,용인씨씨,경기도 용인시 처인구 백암면 황새울로 255,221886,9,대중제
경기,석천CC,석천씨씨,경기도 용인시 처인구 백암면 황새울로 255,241685,9,대중제
경기,써닝포인트 컨트리클럽,에스엘케이,경기도 용인시 처인구 백암면 고안로 51번길 205,1048965,18,대중제
경기,해솔리아 컨트리클럽,해솔리아컨트리클럽,경기도 용인시 처인구 이동읍 백자로 369,1666810,27,대중제
경기,세현CC,세현씨씨,경기도 용인시 처인구 이동읍 백자로 450,997440,18,대중제
경기,한양컨트리클럽,한양컨트리클럽,경기도 고양시 덕양구 고양대로1643번길 164,1441066,36,회원제
경기,뉴코리아 컨트리클럽,신고려관광,경기도 고양시 덕양구 신원2로 57,880053,18,회원제
경기,고양컨트리클럽,고양컨트리클럽,경기도 고양시 덕양구 흥도로 304-23,295597,9,대중제
경기,1·2·3 골프장,123골프클럽,경기도 고양시 덕양구 통일로 43-168,334432,6,대중제
경기,올림픽 골프장,올림픽컨트리클럽,경기도 고양시 덕양구 혜음로 301,373921,9,대중제
경기,일산스프링힐스 컨트리클럽,고양스포츠,경기도 고양시 일산동구 산황로 108,230094,9,대중제
경기,한양파인컨트리클럽,서울컨트리클럽,경기도 고양시 덕양구 고양대로 1591,351587,9,대중제
경기,남서울컨트리클럽,경원건설,경기도 성남시 분당구 판교백현로 161,968466,18,회원제
경기,리베라컨트리클럽,관악,경기도 화성시 중리길 183,1613247,36,회원제
경기,기흥컨트리클럽,삼남개발,경기도 화성시 풀무골로106번길 244,2439666,36,회원제
경기,발리오스컨트리클럽,신창기업,경기도 화성시 팔탄면 3.1만세로 641-28,782451,18,회원제
경기,라비돌컨트리클럽,라비돌,경기도 화성시 정남면 세자로 286,261571,9,대중제
경기,화성 상록GC,공무원연금공단,경기도 화성시 풀무골로60번길 80,1463511,27,대중제
경기,화성골프클럽,리더스,경기도 화성시 남양읍 화성로 1393-27,199801,9,대중제
경기,링크나인골프클럽,금당개발,경기도 화성시 마도면 해운로630번길 49,166549,9,대중제
경기,양주 컨트리클럽,근영농산,경기도 남양주시 화도읍 북한강로 1525-52,1102660,18,회원제
경기,광릉CC,광릉레져개발,경기도 남양주시 진접읍 팔야로 280,962229,18,회원제
경기,비전힐스CC,비젼힐스,경기도 남양주시 화도읍 마치로 226-220,980000,18,회원제
경기,해비치 컨트리클럽,해비치컨트리클럽,경기도 남양주시 화도읍 재재기로 190번길 160,1256971,18,회원제
경기,남양주CC,라미드관광,경기도 남양주시 오남읍 진건오남로 516-31,349193,9,대중제
경기,더헤븐 컨트리클럽,더헤븐리조트,경기도 안산시 단원구 대선로466,1146858,27,대중제
경기,제일컨트리클럽,제일스포츠센타,경기도 안산시 상록구 태마당로28,1503268,27,회원제
경기,솔트베이 골프클럽,성담,경기도 시흥시 마유로 987,651583,18,대중제
경기,아세코밸리골프클럽,아세코,경기도 시흥시 마전로 307,189463,9,대중제
경기,김포SEASIDE 컨트리클럽,해강개발,경기도 김포시 월곶면 김포대로 2081번길 219,932683,18,회원제
경기,서서울 컨트리클럽,호반서서울,경기도 파주시 광탄면 혜음로 324,1035150,18,회원제
경기,서원밸리 골프장,서원레저,경기도 파주시 광탄면 서원길 333,840845,18,회원제
경기,서원힐스 골프장,서원레저,경기도 파주시 광탄면 서원길 333,1275973,27,대중제
경기,파주 J-Public 골프장,포스코와이드,경기도 파주시 조리읍 장곡로 100,153671,6,대중제
경기,파주컨트리클럽,파주컨트리클럽,경기도 파주시 법원읍 화합로 306,987556,18,대중제
경기,베스트밸리 골프클럽,베스트밸리골프클럽,경기도 파주시 광탄면 장지산로200번길 32-41,411962,9,대중제
경기,노스팜 컨트리클럽,노스팜,경기도 파주시 광탄면 쇠장이길 265,986314,18,대중제
경기,스마트KU 골프 파빌리온,건국대학교,경기도 파주시 법원읍 보광로 1616,1702444,27,대중제
경기,타이거CC 골프장,타이거레저,경기도 파주시 법원읍 술이홀로 1803,777560,18,대중제
경기,남촌컨트리클럽,남촌레저개발,경기도 광주시 곤지암읍 부항길 135-38,1079154,18,회원제
경기,이스트밸리CC,청남관광,경기도 광주시 곤지암읍 건업길 195,1543334,27,회원제
경기,그린힐 컨트리클럽,신안개발,경기도 광주시 곤지암읍 내선길 176,862228,18,회원제
경기,강남300 컨트리클럽,강남300컨트리클럽,경기도 광주시 새말길 353,830063,18,회원제
경기,로제비앙GC,경기관광개발,경기도 광주시 곤지암읍 오항길 180,1822710,27,대중제
경기,곤지암GC,디앤오,경기도 광주시 도척면 도척윗로 280,1038998,18,회원제
경기,중부컨트리클럽,애경중부컨트리,경기도 광주시 곤지암읍 경충대로 451,1094718,18,회원제
경기,뉴서울컨트리클럽,한국문화예술위원회,경기도 광주시 삼지곡길 95,2546525,36,회원제
경기,캐슬렉스골프클럽,캐슬렉스서울,경기도 하남시 감이로 317,1756532,18,회원제
경기,안양컨트리클럽,삼성물산,경기도 군포시 군포로364,878394,18,회원제
경기,레이크우드 골프장,로얄개발,경기도 양주시 만송로 244,1381472,27,회원제
경기,송추 컨트리클럽,티에스개발,경기도 양주시 광적면 쇠장이길 435,1401965,18,회원제
경기,에이치원 클럽,호반써밋,경기도 이천시 호법면 장자터로 115,1104419,18,회원제
경기,뉴스프링빌골프장,동승골프앤리조트,경기도 이천시 모가면 사실로 527번길 158,1584094,36,회원제
경기,비에이비스타골프장,삼풍관광,경기도 이천시 모가면 어농로 272,1479976,41,회원제
경기,더반 골프클럽,명문투자개발,경기도 이천시 대월면 대월로 627-141,299054,9,대중제
경기,사우스스프링스CC,사우스스프링스,경기도 이천시 모가면 공원로 64,975458,18,대중제
경기,블랙스톤골프장,블랙스톤리조트 이천,경기도 이천시 장호원읍 장여로 459-160,867728,18,회원제
경기,이천실크밸리골프클럽,이천실크밸리,경기도 이천시 율면 임오산로 296,1379636,27,대중제
경기,마이다스레이크 이천 골프&리조트,대교디앤에스,경기도 이천시 설성면 설가로 602,1398616,27,대중제
경기,웰링턴컨트리클럽,효성중공업,경기도 이천시 모가면 사실로 725번길 119-73,1467443,27,회원제
경기,더크로스비골프클럽,호법포레,경기도 이천시 호법면 중부대로798번길 177,1062819,27,대중제
경기,파인크리크CC,동양레저,경기도 안성시 양성면 안성맞춤대로 2417-13,1537924,27,대중제
경기,골프클럽Q,골프클럽큐레저산업,경기도 안성시 죽산면 장계길 20-229,1001876,18,대중제
경기,골프존카운티 안성H,골프존카운티,경기도 안성시 보개면 보삼로 302,1106489,18,대중제
경기,마에스트로 CC,천원종합개발,경기도 안성시 양성면 안성맞춤대로 2134-36,919620,18,대중제
경기,안성컨트리클럽,한일,경기도 안성시 죽산면 걸미로 487,1088870,18,회원제
경기,안성베네스트GC,삼성물산,경기도 안성시 금광면 삼흥로 660,1768847,27,회원제
경기,신안컨트리클럽,신안종합레져,경기도 안성시 고삼면 개울말길 149,1102867,18,회원제
경기,윈체스트 골프클럽 대중,다림개발,경기도 안성시 서운면 오촌길 97-31,826514,18,대중제
경기,포웰CC 안성,엔에이치투자증권,경기도 안성시 양성면 약산길 67-6,1189331,18,대중제
경기,골프존카운티 안성W,골프존카운티,경기도 안성시 양성면 교동길 19-70,565751,18,대중제
경기,한림안성,일송개발,경기도 안성시 양성면 양성로 349-61,262268,9,대중제
경기,에덴블루 컨트리클럽,죽산개발,경기도 안성시 죽산면 녹배길 175,1238246,27,대중제
경기,이글몬트CC,지씨에이치피,경기도 안성시 보개면 보삼로 106,1623018,27,대중제
경기,필로스 골프클럽,선운,경기도 포천시 일동면 운악청계로 1507,1519198,27,대중제
경기,포천아도니스 CC,아도니스,경기도 포천시 신북면 포천로 2499,1538257,27,회원제
경기,베어크리크골프클럽,삼보개발,경기도 포천시 화현면 달인동로 35,2255081,36,대중제
경기,몽베르 컨트리클럽,몽베르컨트리클럽,경기도 포천시 영북면 산정호수로 359-12,1209665,18,회원제
경기,일동레이크 골프클럽,농심개발,경기도 포천시 일동면 화동로 738,1154046,18,회원제
경기,푸른솔 골프클럽 포천,유진레저,경기도 포천시 가산면 금우로276,1415138,27,대중제
경기,포천힐스 컨트리클럽,한경엘앤디,경기도 포천시 군내면 반월산성로 375번길 34,1457261,27,대중제
경기,포레스트힐 컨트리클럽,화현개발,경기도 포천시 화현면 봉화로 253,1469871,24,대중제
경기,참밸리 컨트리클럽,참빛글로벌이앤씨,경기도 포천시 삼육사로 1982,1085944,18,대중제
경기,샴발라 컨트리클럽,샴발라,경기도 포천시 군내면 청군로 2856-93,853588,18,대중제
경기,라싸 골프클럽,라싸디벨로프먼트,경기도 포천시 이동면 제비울2길 161,1494588,27,대중제
경기,힐마루 골프앤리조트 포천,동훈,경기도 포천시 영중면 금화봉 4길 77-1,2701800,45,대중제
경기,더스타휴 컨트리클럽,한창산업개발,경기도 양평군 양동면 양동로 756,1107409,18,회원제
경기,양평TPC GC,대지개발,경기도 양평군 지평면 대평평장길 113-8,1901420,27,대중제
경기,YJC골프클럽,와이제이씨,경기도 여주시 월평로 78,1214791,27,회원제
경기,남여주대중골프장,남여주레저개발,경기도 여주시 가여로 532,1160742,27,대중제
경기,소피아그린,더케이소피아그린,경기도 여주시 점동면 소피아그린길 84,1438632,27,대중제
경기,솔모로골프장,한일레저,경기도 여주시 가남읍 솔모로그린길 171,1923897,36,회원제
경기,금강컨트리클럽,금강레저,경기도 여주시 가남읍 여주남로 541,890860,18,회원제
경기,자유컨트리클럽,조선호텔앤리조트 레져,경기도 여주시 가남읍 자유그린길 69,2057742,36,회원제
경기,빅토리아일반대중골프장,에스비레져,경기도 여주시 가남읍 송삼로 191,264176,9,대중제
경기,아리지 골프장,아리지,경기도 여주시 가남읍 아리지그린길 68,1229038,27,대중제
경기,이포골프장,보광개발,경기도 여주시 금사면 장흥로 416,1026137,18,회원제
경기,렉스필드 컨트리클럽,렉스필드컨트리클럽,경기도 여주시 산북면 광여로 1115,855727,18,회원제
경기,블루헤런GC,블루헤런,경기도 여주시 대신면 고달사로 67,1031817,18,회원제
경기,신라컨트리클럽,신라레저,경기도 여주시 북내면 신라그린길 84,1771487,27,대중제
경기,스카이밸리골프장,이지아이레저,경기도 여주시 북내면 운촌길 254,1048693,18,회원제
경기,캐슬파인골프클럽,캐슬파인리조트,경기도 여주시 강천면 부평로 580,1057645,18,대중제
경기,해슬리나인브릿지 컨트리클럽,CJ대한통운,경기도 여주시 명품1로 76,1147780,18,회원제
경기,세라지오GC,신한은행,경기도 여주시 여양로 530,993332,18,대중제
경기,360도 컨트리클럽,제이타우젠트,경기도 여주시 강천면 부평로 609,818914,18,대중제
경기,여주썬밸리 컨트리클럽,동광레저,경기도 여주시 강천면 강문로 872,483955,9,대중제
경기,페럼클럽,페럼인프라,경기도 여주시 점동면 점동로 181,1161205,18,대중제
경기,ROUTE52CC,케이알레저,경기도 여주시 북내면 중암1길 36,981310,18,대중제
경기,티클라우드컨트리클럽,제이레저,경기도 동두천시 평화로 3202,1258590,18,회원제
경기,썬힐GC,다함레져,경기도 가평군 조종면 운악청계로 809,1389635,36,대중제
경기,마이다스밸리 청평 골프클럽,대교디앤에스,경기도 가평군 설악면 다락재로 73-111,1078729,18,회원제
경기,프리스틴밸리 골프클럽,평산투자개발,경기도 가평군 설악면 유명로 1243-199,1156465,18,회원제
경기,아난티클럽서울,아난티클럽서울,경기도 가평군 설악면 유명로 961-34,1744453,27,회원제
경기,가평 베네스트GC,삼성물산,경기도 가평군 상면 둔덕말길 232,1707465,27,회원제
경기,크리스탈밸리CC,한송,경기도 가평군 상면 대보간선로 602-111,926085,18,회원제
경기,리앤리CC,리앤리어드바이저스,경기도 가평군 조종면 운악청계로 702-24,1372780,27,대중제
경기,베뉴지CC,부국관광,경기도 가평군 가평읍 용추로 171번길 100,1694212,27,대중제
경기,자유로컨트리클럽,백학관광개발원,경기도 연천군 백학면 노아로297번길 179-55,1385761,27,대중제
경남,창원컨트리클럽,창원컨트리클럽,창원시 의창구 대봉로 137,1048959,18,회원제
경남,용원컨트리클럽,용원개발,창원시 진해구 가주로 133,1635886,27,회원제
경남,아라미르골프앤리조트,진해오션리조트,창원시 진해구 수제로 36,1406363,36,비회원제
경남,진주컨트리클럽,진주개발,진주시 진성면 진성로 464번길 82,1068481,18,대중제
경남,통영동원로얄컨트리클럽,동원관광개발,통영시 산양읍 담안길 240,966619,18,대중제
경남,서경타니CC,타니골프엔리조트,사천시 곤양면 흥신로 210,1221929,27,대중제
경남,삼삼컨트리클럽,삼삼레져개발,사천시 축동면 화당산로 224,392688,9,대중제
경남,골프존카운티 사천,지씨사천,사천시 서포면 구송로 151,1510534,27,대중제
경남,가야컨트리클럽,가야개발,김해시 인제로 495,2822471,45,회원제
경남,김해정산컨트리클럽,정산개발,김해시 주촌면 서부로 1637번길 299-194,1514206,27,회원제
경남,포웰CC 김해,메가비엠씨,김해시 진례면 고모로 134번길 54-49,1030540,18,회원제
경남,김해상록컨트리클럽,공무원연금공단,김해시 한림면 김해대로 974번길 198,963482,18,대중제
경남,리더스컨트리클럽,리더스컨트리클럽,밀양시 활성로 455,1421947,27,대중제
경남,밀양컨트리클럽,밀양컨트리클럽,밀양시 부북면 전사포리 832,296984,9,대중제
경남,밀양노벨컨트리클럽,밀양관광개발,밀양시 단장면 단장로 946,986608,18,대중제
경남,밀양에스파크골프리조트,밀양관광단지조성사업단,밀양시 단장면 미촌리 889,585684,18,대중제
경남,거제드비치골프클럽,드비치골프클럽,거제시 장목면 거제북로 1573,936155,18,회원제
경남,거제뷰컨트리클럽,경암,거제시 거제면 두동로 259-80,801445,18,대중제
경남,통도파인이스트컨트리클럽,동일리조트,양산시 하북면 신평남부길 78-130,2038075,36,회원제
경남,동부산컨트리클럽,동부산컨트리클럽,양산시 매곡외산로 282,938395,27,회원제
경남,에이원컨트리클럽,에이원컨트리클럽,양산시 덕명로 190,1680668,27,회원제
경남,에덴밸리컨트리클럽,신세계개발,양산시 원동면 어실로 910,920431,18,회원제
경남,양산컨트리클럽,양산컨트리클럽,양산시 상북면 충렬로 687,1599832,27,대중제
경남,다이아몬드컨트리클럽,다이아몬드컨트리클럽,양산시 상북면 공원로 305-391,1288176,18,대중제
경남,양산동원로얄CC,아시아드종합개발,양산시 어실로 380-45,943987,18,대중제
경남,의령친환경골프장,의령군수,의령군 의령읍 남강로 417,235262,9,대중제
경남,의령 리온컨트리클럽,우신레저,의령군 칠곡면 지굴산로 101-33,1437044,27,대중제
경남,골프존카운티 경남,지씨경남,함안군 칠원면 운무로 470,786500,18,대중제
경남,부곡컨트리클럽,현일개발,창녕군 부곡면 온천로 445,672813,18,회원제
경남,힐마루컨트리클럽,동훈,창녕군 장마면 영산계성로 469-195,995616,18,회원제
경남,고성노벨컨트리클럽,고성관광개발,고성군 회화면 회진로 567,1400466,27,회원제
경남,고성컨트리클럽,쌍마,고성군 고성읍 월평3길 250,253145,9,대중제
경남,아난티남해CC,아난티,남해군 남면 남서대로 1179번길 40-109,378840,9,대중제
경남,사우스케이프오너스클럽,사우스케이프,남해군 창선면 흥선로 1545,1331102,18,비회원제
경남,경남스카이뷰CC,경남관광호텔,함양군 서상면 소로길 226,1032347,18,대중제
경남,거창친환경대중골프장,거창군수,거창군 가조면 우륵길 410-284,571765,9,대중제
경남,클럽디거창,이도,거창군 신원면 덕산리 산 13번지,1814016,27,대중제
경남,아델스코트 컨트리클럽,에이스컨트리클럽,합천군 가야면 가조가야로 1916-35,1399432,27,대중제
경북,오션힐스포항CC,오션힐스골프앤리조트,경상북도 포항시 북구 송라면 대전길 7,918977,18,회원제
경북,청하이스턴CC,이스턴,경상북도 포항시 청하면 용산길 94,238597,9,대중제
경북,포항CC,홍익레저산업,경상북도 포항시 송라면 동해대로 2751번길 123,986443,18,대중제
경북,경주신라CC,경주신라CC,경상북도 경주시 보문로 319,1876682,36,회원제
경북,보문GC,경북문화관광공사,경상북도 경주시 보문로 182-14,769499,18,대중제
경북,경주CC,보문개발,경상북도 경주시 보문로 182-98,1461103,27,대중제
경북,마우나오션CC,엠오디,경상북도 경주시 양남면 동남로 982,786697,18,회원제
경북,가든골프클럽,코오롱글로텍,경상북도 경주시 불국로 289-17,175806,9,대중제
경북,우리GC,퍼블릭개발,경상북도 경주시 양남면 동남로 972,442362,9,대중제
경북,서라벌GC,서라벌,경상북도 경주시 외동읍 내외로 577-189,1979892,36,대중제
경북,골프존카운티 감포,지씨감포,경상북도 경주시 감포읍 동해안로 1819-59,983849,18,대중제
경북,디아너스CC,강동씨앤엘,경상북도 경주시 보불로 391,1258239,27,회원제
경북,선리치GC,월성종합개발,경상북도 경주시 안강읍 검단장골길 181-17,244372,9,대중제
경북,안강레전드GC,옥산개발,경상북도 경주시 안강읍 낙산길 85,404646,9,대중제
경북,이스트힐CC,청학씨앤디,경상북도 경주시 양남면 외남로 1377,1363308,18,대중제
경북,힐스카이CC,힐스카이,경상북도 경주시 천북면 천강로 412-299,1816593,24,대중제
경북,애플밸리CC,에스엠하이플러스,경상북도 김천시 어모면 작점로 606,486519,9,대중제
경북,포도CC,다옴,경상북도 김천시 구성면 남김천대로 2532,774060,27,대중제
경북,남안동CC,디아이개발,경상북도 안동시 일직면 풍일로 1887,1046500,18,회원제
경북,안동리버힐CC,오이코스산업,경상북도 안동시 풍천면 풍일로 1572,1017714,18,회원제
경북,안동레이크골프클럽,경북문화관광공사,경상북도 안동시 관광단지로 316,982527,18,대중제
경북,골프존카운티 선산,지씨선산,경상북도 구미시 산동면 강동로 953-73,977678,18,회원제
경북,골프존카운티 구미,지씨구미,경상북도 구미시 산동면 강동로 953-74,541702,18,대중제
경북,구미CC,신구미개발,경상북도 구미시 장천면 송백로 229,1205829,27,대중제
경북,오펠GC,부성개발,경상북도 영천시 고경면 호국로 1221-24,1311521,27,회원제
경북,영천CC,임고개발,경상북도 영천시 임고면 방목길 34-2,1332592,27,회원제
경북,시엘GC,금호개발,경상북도 영천시 청통면 청통로 334-41,186373,9,대중제
경북,청통골프장,골프존카운티영천,경상북도 영천시 청통면 청통로 733,724398,18,대중제
경북,블루원상주골프리조트,블루원,경상북도 상주시 모서면 화현3길 127,1038679,18,대중제
경북,뉴스프링빌Ⅱ,동승레저,경상북도 상주시 모서면 백화로 40,1081418,18,대중제
경북,문경레저타운골프장,문경레저타운,경상북도 문경시 마성면 문경골프장길 240,1022039,18,대중제
경북,대구CC,경산개발,경상북도 경산시 진량읍 일연로 718-42,1080303,27,회원제
경북,인터불고컨트리클럽,인터불고컨트리클럽,경상북도 경산시 삼성현로 614-26,1695525,27,회원제
경북,엠스클럽의성,바이오컨트리클럽,경상북도 의성군 봉양면 농공마전길 125-78,957974,18,대중제
경북,파라지오CC,파라지오,경상북도 의성군 봉양면 농공마전길 167,972560,18,대중제
경북,오션비치CC,오션비치,경상북도 영덕군 강구면 동해대로 4265-43,1410518,27,대중제
경북,그레이스CC,태왕아너스,경상북도 청도군 이서면 서녁길 91,1465851,27,회원제
경북,오션힐스청도GC,유창개발,경상북도 청도군 매전면 곰티로 370-204,804257,18,대중제
경북,펜타뷰골프클럽,아리유,경상북도 청도군 금천면 금천로 709,249315,9,대중제
경북,유니밸리CC,고령컨트리클럽,경상북도 고령군 고령읍 일량로 588,385623,9,대중제
경북,마스터피스CC,누가개발,경상북도 고령군 쌍림면 산막길 47-80,1034362,18,대중제
경북,대가야CC,흥진레저,경상북도 고령군 대가야읍 대가야로 1103,469311,9,대중제
경북,다산 샤인힐CC,두강건설,경상북도 고령군 다산면 벌지로 175-115,1031280,18,대중제
경북,파미힐스CC,한길,경상북도 칠곡군 왜관읍 봉계로 263,2094223,36,회원제
경북,세븐밸리CC,세븐밸리제이씨,경상북도 칠곡군 왜관읍 봉계3길 180,941849,18,대중제
경북,칠곡아이위시CC,동화레져,경상북도 칠곡군 기산면 노석1길 49-112,375039,9,대중제
경북,한맥CC&노블리아,한맥개발,경상북도 예천군 호명면 한맥골프장길 72,1000226,18,대중제
경북,마린CC,울진군수,경상북도 울진군 매화면 매화로 115-99,1221145,18,대중제
광주,빛고을컨트리클럽,광주광역시도시공사,광주광역시 남구 효우로 153,201055,9,대중제
광주,에콜리안광산골프장,국민체육진흥공단,광주광역시 광산구 오목내길 26,326823,9,대중제
광주,어등산컨트리클럽,어등산리조트,광주광역시 광산구 무진대로 31,1567463,27,대중제
대구,팔공컨트리클럽,우경개발,대구광역시 동구 팔공산로 237길 186,769047,18,회원제
대구,냉천컨트리클럽,냉천개발,대구광역시 달성군 가창면 가창로 1037-9,181423,9,대중제
대구,구니컨트리클럽,케이알스포츠,대구광역시 군위군 군위읍 도군로 2450,841556,18,대중제
대구,오펠골프클럽,신우개발,대구광역시 군위군 산성면 부흥로 227,989044,18,대중제
대구,이지스카이컨트리클럽,이지컨트리클럽,대구광역시 군위군 군위읍 대흥1길 48-100,891244,18,대중제
대전,유성컨트리클럽,강현모,대전 유성구 현충원로 200,1156423,18,회원제
대전,대덕복지센터,배재웅,대전 유성구 유성대로 1689번길 69,318382,9,대중제
대전,금실대덕밸리CC,정영숙,대전 유성구 테크노중앙로 210,259401,9,대중제
부산,부산컨트리클럽,부산컨트리클럽,부산광역시 금정구 중앙대로2327번길 11,495417,18,회원제
부산,동래베네스트골프클럽,삼성물산,부산광역시 금정구 하정로 66,1083148,18,회원제
부산,하이스트컨트리클럽,정상개발,부산광역시 강서구 과학산단1로 172,373474,9,대중제
부산,해라컨트리클럽,성우알앤디,부산광역시 강서구 과학산단로 306번길 77,175444,9,대중제
부산,아시아드컨트리클럽,삼성물산,부산광역시 기장군 일광읍 차양길 26,14511187,27,회원제
부산,해운대컨트리클럽,경원개발,부산광역시 기장군 정관면 병산2로 265,1527000,27,회원제
부산,베이사이드골프클럽,일광개발,부산광역시 기장군 일광읍 이천8길 100,1399166,27,회원제
부산,해운대비치골프앤리조트,해운대비치골프앤리조트,부산광역시 기장군 기장읍 대변로 74,846781,18,회원제
부산,기장동원로얄컨트리클럽,남양종합개발,부산광역시 기장군 기장읍 반송로 1345-52,371489,9,대중제
부산,스톤게이트컨트리클럽,오션디앤씨,부산광역시 기장군 일광읍 곡천길 317,1129738,18,대중제
서울,인서울27골프클럽,인서울27골프클럽,서울특별시 강서구 오정로 443-198,998126,27,비회원제
세종,세종에머슨컨트리클럽,세종에머슨,세종특별자치시 전의면 운주산로 1510,14196123,27,회원제
세종,건설공제조합세종필드골프클럽,건설공제조합세종개발,세종특별자치시 정안세종로 1569,1009660,18,대중제
세종,세종레이캐슬골프&리조트,자광홀딩스,세종특별자치시 전의면 의당전의로 252,1301532,27,대중제
울산,보라골프장,반도개발,울산광역시 울주군 삼동면 삼동로 404,1425800,27,회원제
울산,삼남골프장,삼남,울산광역시 울주군 삼남면 방기가천로 179,247991,9,대중제
울산,더골프골프장,고암개발,울산광역시 울주군 서생면 용연길 206-52,806584,18,대중제
울산,울산골프장,울산개발,울산광역시 울주군 웅촌면 웅촌로 1,1428262,27,회원제
울산,베이스타즈CC,새정스타즈,울산광역시 북구 미포산업로 800,730509,18,대중제
울산,오르비스골프클럽,산양,울산광역시 울주군 온양읍 망양리 산14-9,826480,18,대중제
인천,인천국제컨트리클럽,신태진,인천광역시 서구 도요지로 37,811919,18,회원제
인천,잭 니클라우스 골프클럽 코리아,포스코 O&M,인천광역시 연수구 아카데미로 209,771912,18,회원제
인천,송도골프클럽,송도골프,인천광역시 연수구 능허대로 236,116842,8,대중제
인천,인천그랜드컨트리클럽,동군,인천광역시 서구 원석로 195,463583,18,대중제
인천,클럽72(바다),케이엠에이치 신라레저,인천광역시 중구 공항동로 392,2685570,63,대중제
인천,클럽72(하늘),케이엠에이치 신라레저,인천광역시 중구 공항동로135번길 267,934611,18,대중제
인천,베어즈베스트청라골프클럽,블루아일랜드개발,인천광역시 서구 청라대로 316번길 45,1360105,27,대중제
인천,드림파크골프장,수도권매립지관리공사,인천광역시 서구 거월로 61,1533427,36,대중제
인천,골프존카운티 송도,골프존카운티,인천광역시 연수구 인천신항대로 1120,510720,18,대중제
인천,석모도컨트리클럽,해륜개발,인천광역시 강화군 어류정길 177,717432,18,대중제
인천,오렌지듄스 영종골프클럽,영종오렌지,인천광역시 중구 운서동 2850-43,821641,18,대중제
인천,강화 선두리 골프장,강호개발,인천광역시 강화군 해안남로 474번길 59,240286,9,대중제
인천,베르힐CC 영종,KB부동산신탁,인천광역시 중구 한상중앙로 66,1650307,36,대중제
전남,여수시티파크골프&호텔,김영한,전남 여수시 좌수영로 641,1035509,18,대중제
전남,디오션CC,김종관,전남 여수시 화양면 안포리 1917,1103049,18,대중제
전남,세이지우드 여수경도,김승건,전남 여수시 대경도길 111,1640629,27,대중제
전남,포라이즌,김정수,전남 순천시 별량면 오실길 333,1791833,27,회원제
전남,파인힐스CC,이화영,전남 순천시 주암면 송강사길 99,1505472,27,대중제
전남,순천CC,임종욱,전남 순천시 별량면 동화사길 85,342120,9,대중제
전남,골프존카운티 순천,서상현,전남 순천시 주암면 행정1길 77,1627955,36,대중제
전남,순천부영CC,최양환,전남 순천시 해룡면 신대로 188,842238,18,대중제
전남,골드레이크CC,임대형,전남 나주시 남평읍 나주호로 442-129,875813,18,대중제
전남,해피니스CC,차재진,전남 나주시 다도면 다도로 171-60,1381092,18,대중제
전남,나주CC,김천종,전남 나주시 공산면 상방신포길 154-32,247058,9,대중제
전남,나주힐스CC,김태식,전남 나주시 공산면 삼방신포길 160-27,242878,9,대중제
전남,광양CC,반재경,전남 광양시 가야로 223,234987,6,대중제
전남,창평CC,김형준,전남 담양군 창평면 오강리 27-2,263053,9,대중제
전남,레이나CC,차성만,전남 담양군 담양읍 깊은실길 169,785210,18,대중제
전남,죽향CC,한정수,전남 담양군 창평면 창평로 159,396682,9,대중제
전남,광주CC,고혁주,전남 곡성군 옥과면 입면로 455,1165945,27,회원제
전남,옥과기안CC,김삼종,전남 곡성군 옥과면 소룡리 427-2,242563,9,대중제
전남,르오네뜨CC,김양석,전남 곡성군 오산면 오산로 819-126,972404,9,대중제
전남,보성CC,박지영,전남 보성군 조성면 대곡리 1117,911572,18,대중제
전남,보성에덴CC,안병태,전남 보성군 보성읍 쾌상리 1385,295701,9,대중제
전남,엘리체CC 화순,류채봉,전남 화순군 춘양면 장곡길 55,1067821,18,회원제
전남,화순CC,최창식,전남 화순군 도곡면 천태로 1000-151,1545440,27,회원제
전남,조아밸리CC,조우석,전남 화순군 도곡면 고인돌2로 450,429088,9,대중제
전남,무등산CC,박만주,전남 화순군 화순읍 오성로 292-90,1575772,27,대중제
전남,JNJ골프리조트,정남진골프리조트,전남 장흥군 장평면 제산기동로 326,1450502,27,대중제
전남,다산베아채골프&리조트,이애자,전남 강진군 도암면 학장용산길 101,1420762,27,대중제
전남,오시아노골프클럽,한국관광공사,전남 해남군 화원면 시아로 224,538288,9,대중제
전남,파인비치골프링크스,파인비치,전남 해남군 화원면 시아로 224,834771,18,대중제
전남,솔라시도CC,피앤지에이개발,전남 해남군 산이면 산이로 2247,774903,18,대중제
전남,아크로CC,박현재,전남 영암군 금정면 안적동길 403,1462477,27,대중제
전남,cosmos 1,파크카운티,전남 영암군 삼호읍 에프원로 121-4,885730,18,대중제
전남,골프존카운티 영암,썬카운티,전남 영암군 삼호읍 에프원로 121-1,1804843,45,대중제
전남,무안CC,최재훈,전남 무안군 청계면 도대리 818,1969760,54,대중제
전남,클린밸리CC,조영희,전남 무안군 청계면 태봉길 33-100,839686,18,대중제
전남,엘리체CC 함평,류채봉,전남 함평군 학교면 서당매길 242,1347715,27,대중제
전남,천지CC,정유신,전남 함평군 함장로 889-11,234544,9,대중제
전남,베르힐컨트리클럽,문금환,전남 함평군 대동면 대동길 408,1599997,27,대중제
전남,웨스트오션CC,대호관광개발,전남 영광군 백수읍 해안로 1362-70,951318,18,대중제
전남,에콜리안영광골프장,영광군수,전남 영광군 영광읍 월현로 1길 40,421962,9,대중제
전남,푸른솔 골프클럽 장성,유순태,전남 장성군 동화면 임정로 155,1312986,27,대중제
전남,백양우리CC,김승룡,전남 장성군 북이면 사거리 752-1,297540,9,대중제
전북,전주월드컵골프장,전주시설공단,전북특별자치도 전주시 덕진구 온고을로 672,156851,9,대중제
전북,군산CC,군산레저산업,전북특별자치도 군산시 옥서면 남산군로 1685,4240782,81,대중제
전북,익산컨트리클럽,익산관광개발,전북특별자치도 익산시 무왕로38길 111,797168,18,대중제
전북,웅포컨트리클럽,베어포트리조트,전북특별자치도 익산시 웅포면 강변로 130,917246,18,대중제
전북,포세븐금강컨트리클럽,포세븐금강 컨트리클럽,전북특별자치도 익산시 웅포면 강변로 130,1242476,18,대중제
전북,태인CC,우진관광개발,전북특별자치도 정읍시 태인면 상증길 28,850000,18,대중제
전북,내장산골프&리조트,대일내장산 컨트리클럽,전북특별자치도 정읍시 첨단과학로 476,913884,18,대중제
전북,남원상록골프장,공무원연금공단,전북특별자치도 남원시 대산면 월계길 11,1149543,18,대중제
전북,골프존카운티 드래곤,골프존카운티,전북특별자치도 남원시 대산면 대사로 498,936702,18,대중제
전북,아네스빌CC,벽원레저개발,전북특별자치도 김제시 황산면 높은메길 160-39,299986,9,대중제
전북,에스페란사GC,에스페란사GC,전북특별자치도 김제시 금구면 낙산로 120,147569,9,대중제
전북,김제스파힐스CC,티엠지개발,전북특별자치도 김제시 온천길 37,559779,18,대중제
전북,더나인골프클럽,부흥산업개발,전북특별자치도 김제시 금구면 대화1길 8-75,453402,9,대중제
전북,OKCC,오케이,전북특별자치도 완주군 소양면 화심리 300,341398,9,대중제
전북,케이밸리컨트리클럽,스마트시티,전북특별자치도 완주군 운주면 산북리 65-4,322847,9,대중제
전북,써미트CC,써미트,전북특별자치도 진안군 부귀면 부귀로 72-161,1405820,27,대중제
전북,무주덕유산CC,무주덕유산리조트,전북특별자치도 무주군 설천면 만선로 185,848000,18,회원제
전북,골프존카운티 무주,케이제이클럽,전북특별자치도 무주군 안성면 장무로 1537-21,895464,18,대중제
전북,장수골프리조트,장수레저,전북특별자치도 장수군 계남면 장안산로 303,1270430,18,대중제
전북,전주샹그릴라CC,광산관광개발,전북특별자치도 임실군 신덕면 수지로 559-90,1068718,27,회원제
전북,금과골프장,금과관광레저타운,전북특별자치도 순창군 금과면 담순로 716,74258,6,대중제
전북,디케이레저,순창씨씨,전북특별자치도 순창군 순창읍 금산로 152,203636,9,대중제
전북,고창CC,동호레저,전북특별자치도 고창군 심원면 애향갯벌로 70,760515,21,대중제
전북,골프존카운티 선운,골프존카운티,전북특별자치도 고창군 아산면 운곡로 418,930788,18,대중제
전북,석정힐CC,석정레저,전북특별자치도 고창군 고창읍 석정2로 192,610250,18,대중제
제주,타미우스cc,타미우스,제주특별자치도 제주시 애월읍 화전길 201,1164583,27,회원제
제주,그린필드GC,형삼문,제주특별자치도 제주시 조천읍 번영로 1040-70,959076,18,회원제
제주,라헨느CC,라헨느리조트,제주특별자치도 제주시 봉개동 237-5,807383,18,회원제
제주,볼카노골프앤리조트,볼카노골프앤리조트,제주특별자치도 서귀포시 산록남로 1391,1210254,27,회원제
제주,테디밸리,제이에스엔에프개발,제주특별자치도 서귀포시 한창로 365,974992,18,회원제
제주,그랜드부민 꿈드림목장,그랜드부민 꿈드림목장,제주특별자치도 제주시 516로 2596-117,283520,9,대중제
제주,에코랜드,더원,제주특별자치도 제주시 조천읍 번영로 1278-169,1317514,27,대중제
제주,라온골프클럽,라온레저개발,제주특별자치도 제주시 한경면 용금로 998,1292392,27,대중제
제주,크라운CC,관정이종환재단,제주특별자치도 제주시 조천읍 북선로 125,961720,27,대중제
제주,더시에나CC,시에나컨트리클럽,제주특별자치도 제주시 516로 2695,1443394,18,대중제
제주,아덴힐,아덴힐리조트앤골프,제주특별자치도 제주시 화전길 82,710250,18,대중제
제주,한라산CC,부건,제주특별자치도 제주시 선돌목동길 56-46,643347,18,대중제
제주,플라자CC 제주,한화호텔앤드리조트,제주특별자치도 제주시 명림로 575-107,442376,9,대중제
제주,부영CC,부영CC,제주특별자치도 서귀포시 남원읍 남조로 960,993803,27,대중제
제주,서귀포팬텀 골프앤리조트,서귀포팬텀골프앤리조트,제주특별자치도 서귀포시 산록남로 2914,1087929,18,대중제
제주,중문GC,한국관광공사,제주특별자치도 서귀포시 중문관광로 72번길 60,917764,18,대중제
제주,스프링데일,동국개발,제주특별자치도 서귀포시 남원읍 서성로 459,761919,18,대중제
제주,더클래식CC,더클래식CC,제주특별자치도 서귀포시 남원읍 남조로 1105,726587,18,대중제
제주,샤인빌파크CC,록,제주특별자치도 서귀포시 표선면 가시로 384,632749,18,대중제
제주,골프존카운티오라,글래드호텔앤리조트,제주특별자치도 제주시 오라남로 130-16,1107441,18,회원제
제주,엘리시안제주,GS건설,제주특별자치도 제주시 평화로 1738-116,804452,18,회원제
제주,에버리스CC,신안관광개발,제주특별자치도 제주시 평화로 1693-75,637488,18,회원제
제주,아난티클럽제주,아난티한라,제주특별자치도 제주시 선유로 445-55,363262,9,회원제
제주,블랙스톤제주,블랙스톤리조트,제주특별자치도 제주시 한창로 925-122,1021348,18,회원제
제주,캐슬렉스제주,캐슬렉스제주,제주특별자치도 서귀포시 안덕면 평화로 1241,858271,18,회원제
제주,해비치CC,해비치호텔앤드리조트,제주특별자치도 서귀포시 남원읍 원님로 399번길 319,797237,18,회원제
제주,롯데스카이힐제주,호텔롯데,제주특별자치도 서귀포시 상예로 530,772881,18,회원제
제주,사이프러스골프,남영산업,제주특별자치도 서귀포시 번영로 2300,786019,18,회원제
제주,나인브릿지,CJ대한통운,제주특별자치도 서귀포시 안덕면 광평로 34-156,960827,18,회원제
제주,SK핀크스,SK핀크스,제주특별자치도 서귀포시 안덕면 산록남로 863,874521,18,회원제
충남,우정힐스 컨트리클럽,그린나래,충청남도 천안시 동남구 목천읍 충절로 1048-68,1049767,18,회원제
충남,천안상록 골프장,공무원연금관리공단,충청남도 천안시 서북구 수신면 수신로 576,1314137,27,대중제
충남,골프존카운티 천안,지씨천안,충청남도 천안시 동남구 병천면 매성2길 103,913887,18,대중제
충남,마론컨트리클럽,마론,충청남도 천안시 동남구 북면 납안5길 74,1027365,18,대중제
충남,프린세스 골프클럽,공주개발,충청남도 공주시 정안면 방자들길 81-50,751706,18,대중제
충남,골드리버CC,웅진,충청남도 공주시 의당면 신정말길 67-133,152438,9,대중제
충남,계룡산골프장,계룡산골프장,충청남도 공주시 계룡면 아랫난댕이길 17,103426,9,대중제
충남,보령베이스CC,대천리조트,충청남도 보령시 옥마벚길 10,350420,9,대중제
충남,에스앤 골프리조트,에스앤골프리조트,충청남도 보령시 남포면 양항리 650-2,205503,9,대중제
충남,도고컨트리 구락부,도고칸추리크럽,충청남도 아산시 선장면 삼봉산길 188,904536,18,회원제
충남,에스지아름다운골프&리조트,단톡,충청남도 아산시 영인면 영인산로 440,1648880,27,대중제
충남,서산수 골프앤리조트,서산수골프앤리조트,충청남도 서산시 대산읍 삼길포7로 8,955691,18,대중제
충남,더힐 컨트리클럽,일상,충청남도 논산시 상월면 선비로 1079,247641,9,대중제
충남,아리스타 CC,대양레져산업개발,충청남도 논산시 연무읍 황화정리 산100,895189,18,대중제
충남,파인스톤 컨트리클럽,동양관광레저,충청남도 당진시 송산면 무수들길 90,686891,18,대중제
충남,파나시아 골프클럽,만진집단,충청남도 당진시 신평면 계명길 33,387448,9,대중제
충남,플라밍고CC,최영수,충청남도 당진시 석문면 산단8로 299,1096308,30,대중제
충남,에딘버러 컨트리클럽,부토,충청남도 금산군 진산면 살구정길 167,1024690,18,회원제
충남,백제컨트리클럽,백제컨트리클럽,충청남도 부여군 은산면 충절로 3734-82,1459801,27,대중제
충남,스카이힐 부여CC,호텔롯데,충청남도 부여군 규암면 백제문로 470,981904,18,대중제
충남,골든베이골프&리조트,셀럽골프앤리조트,충청남도 태안군 근흥면 정선포로 217,1385535,27,대중제
충남,스톤비치컨트리클럽,스톤비치,충청남도 태안군 근흥면 갈음이길 88,523948,18,대중제
충남,로얄링스1,로얄링스,충청남도 태안군 태안읍 반곡길 284,707220,18,대중제
충남,솔라고CC,현대도시개발,충청남도 태안군 태안읍 소곳이길 92-234,720400,18,대중제
충남,내포골프클럽,내포개발,충청남도 예산군 삽교읍 산수길 242,382123,9,대중제
충북,그랜드cc,임재풍,충청북도 청주시 청원구 오창읍 꽃화산길 14,1696299,27,회원제
충북,아난티 중앙골프클럽,이대현,충청북도 진천군 백곡면 배티로 818-105,1151924,27,회원제
충북,천룡cc,윤진동,충청북도 진천군 이월면 진안로 347-123,1153107,27,회원제
충북,세레니티cc,김주영,충청북도 청주시 서원구 남이면 문곡구절골길 235,1075151,18,회원제
충북,스타cc,변재길,충청북도 충주시 앙성면 상대촌1길 198,1005341,18,회원제
충북,임페리얼레이크,서향기,충청북도 충주시 금가면 다래울길 52,830332,18,대중제
충북,시그너스cc,김영란,충청북도 충주시 앙성면 중방곡길 57-44,259636,9,대중제
충북,떼제베운영,김명신,충청북도 청주시 흥덕구 옥산면 동림2길 149,893383,36,대중제
충북,썬밸리cc,이성주,충청북도 음성군 삼성면 법말길 49,1567859,18,대중제
충북,중원cc,김영민,충청북도 충주시 산척면 인등로 392,944976,27,대중제
충북,레인보우힐스,정인환,충청북도 음성군 생극면 차생로 168,1179674,27,대중제
충북,히든밸리cc,정현숙,충청북도 진천군 백곡면 소토골길 61,1434573,27,대중제
충북,골드나인cc,정우석,충청북도 청주시 청원구 낭성면 산성로 1520-17,421101,9,대중제
충북,센테리움cc,조형득,충청북도 충주시 노은면 솔고개로 750,1415008,27,대중제
충북,대호단양cc,황호현,충청북도 단양군 매포읍 고양5길 43,920073,18,대중제
충북,대영베이스cc,권혁희,충청북도 충주시 대소원면 성종두담길 113,999268,18,대중제
충북,골프존카운티 진천,서상현,충청북도 진천군 진천읍 송강로 783-51,1200500,27,대중제
충북,오창 에딘버러,오형근,충청북도 청주시 청원구 오창읍 두릉유리로 846,391643,9,대중제
충북,이븐데일cc,홍승우,충청북도 청주시 상당구 미원면 대신2길 31,982711,18,대중제
충북,킹즈락cc,정성훈,충청북도 제천시 천남동 내토로7길 136,1253344,27,대중제
충북,골프존카운티 화랑,서상현,충청북도 진천군 문백면 농다리로 809,998111,18,대중제
충북,젠스필드cc,이상균,충청북도 음성군 삼성면 덕호로 382,896185,18,대중제
충북,로얄포레cc,구정현,충청북도 충주시 신니면 화치3길 35,926019,18,대중제
충북,대영힐스cc,권혁희,충청북도 충주시 대소원면 성종두담길 114,1167916,27,대중제
충북,진양밸리cc,이종현,충청북도 음성군 삼성면 금일로 1195,1372015,27,대중제
충북,에콜리안제천,조현재,충청북도 제천시 고암동 송학 주천로 102,371280,9,대중제
충북,코스카cc,허흥영,충청북도 음성군 음성읍 동음로 318,1421784,27,대중제
충북,클럽디속리산,최정훈,충청북도 보은군 탄부면 평각상장로 230,828506,18,대중제
충북,동촌cc,한명희,충청북도 충주시 노은면 감노로 1327,1047645,18,대중제
충북,세일cc,권민수,충청북도 충주시 신니면 동락길 207,880653,18,대중제
충북,클럽디보은,최정훈,충청북도 보은군 보은읍 장속중초로 386,929809,18,대중제
충북,올데이 골프앤리조트,서향기,충청북도 충주시 앙성면 비내길 189,1368736,27,대중제
충북,감곡CC,심천보,충청북도 음성군 감곡면 문촌리 산81-6,1016998,18,대중제
충북,일라이트 컨트리클럽,전문수,충청북도 영동군 영동읍 매천리 산 35-1,889884,18,대중제
충북,일레븐cc,김정태,충청북도 충주시 앙성면 본평리 산 43-1,1245242,18,대중제
충북,킹스데일cc,정지완,충청북도 충주시 주덕면 기업도시3로 2,870252,18,대중제
충북,블랙스톤cc,원성역,충청북도 증평군 도안면 벼루재길 334,690038,18,대중제
충북,모나크cc,서남종,충청북도 음성군 금왕읍 대금로 1851번길 3-14,960462,18,대중제
충북,음성 힐데스하임cc,김정선,충청북도 음성군 소이면 후미리 산40-4,1015870,27,대중제
